"Localidades";"Períodos";"População de 0 a 3 Anos";"Cód. IBGE"
"Água Rasa";"1995";"4606";
"Água Rasa";"1996";"4462";
"Água Rasa";"1997";"4321";
"Água Rasa";"1998";"4179";
"Água Rasa";"1999";"4038";
"Água Rasa";"2000";"3893";
"Água Rasa";"2001";"3824";
"Água Rasa";"2002";"3755";
"Água Rasa";"2003";"3682";
"Água Rasa";"2004";"3608";
"Água Rasa";"2005";"3538";
"Água Rasa";"2006";"3468";
"Água Rasa";"2007";"3395";
"Água Rasa";"2008";"3325";
"Água Rasa";"2009";"3251";
"Água Rasa";"2010";"3184";
"Água Rasa";"2011";"3348";
"Água Rasa";"2012";"3516";
"Água Rasa";"2013";"3689";
"Água Rasa";"2014";"3871";
"Água Rasa";"2015";"4054";
"Água Rasa";"2016";"3912";
"Água Rasa";"2017";"3772";
"Água Rasa";"2018";"3631";
"Alto de Pinheiros";"1995";"1747";
"Alto de Pinheiros";"1996";"1694";
"Alto de Pinheiros";"1997";"1643";
"Alto de Pinheiros";"1998";"1593";
"Alto de Pinheiros";"1999";"1543";
"Alto de Pinheiros";"2000";"1488";
"Alto de Pinheiros";"2001";"1488";
"Alto de Pinheiros";"2002";"1481";
"Alto de Pinheiros";"2003";"1474";
"Alto de Pinheiros";"2004";"1471";
"Alto de Pinheiros";"2005";"1465";
"Alto de Pinheiros";"2006";"1454";
"Alto de Pinheiros";"2007";"1450";
"Alto de Pinheiros";"2008";"1437";
"Alto de Pinheiros";"2009";"1428";
"Alto de Pinheiros";"2010";"1421";
"Alto de Pinheiros";"2011";"1422";
"Alto de Pinheiros";"2012";"1419";
"Alto de Pinheiros";"2013";"1422";
"Alto de Pinheiros";"2014";"1420";
"Alto de Pinheiros";"2015";"1421";
"Alto de Pinheiros";"2016";"1379";
"Alto de Pinheiros";"2017";"1340";
"Alto de Pinheiros";"2018";"1300";
"Anhanguera";"1995";"1908";
"Anhanguera";"1996";"2162";
"Anhanguera";"1997";"2450";
"Anhanguera";"1998";"2778";
"Anhanguera";"1999";"3147";
"Anhanguera";"2000";"3558";
"Anhanguera";"2001";"3667";
"Anhanguera";"2002";"3762";
"Anhanguera";"2003";"3842";
"Anhanguera";"2004";"3915";
"Anhanguera";"2005";"3970";
"Anhanguera";"2006";"4023";
"Anhanguera";"2007";"4052";
"Anhanguera";"2008";"4079";
"Anhanguera";"2009";"4095";
"Anhanguera";"2010";"4076";
"Anhanguera";"2011";"4177";
"Anhanguera";"2012";"4277";
"Anhanguera";"2013";"4371";
"Anhanguera";"2014";"4468";
"Anhanguera";"2015";"4560";
"Anhanguera";"2016";"4612";
"Anhanguera";"2017";"4660";
"Anhanguera";"2018";"4710";
"Aricanduva";"1995";"6455";
"Aricanduva";"1996";"6338";
"Aricanduva";"1997";"6218";
"Aricanduva";"1998";"6095";
"Aricanduva";"1999";"5968";
"Aricanduva";"2000";"5835";
"Aricanduva";"2001";"5649";
"Aricanduva";"2002";"5462";
"Aricanduva";"2003";"5279";
"Aricanduva";"2004";"5094";
"Aricanduva";"2005";"4915";
"Aricanduva";"2006";"4737";
"Aricanduva";"2007";"4559";
"Aricanduva";"2008";"4386";
"Aricanduva";"2009";"4219";
"Aricanduva";"2010";"4064";
"Aricanduva";"2011";"4132";
"Aricanduva";"2012";"4198";
"Aricanduva";"2013";"4264";
"Aricanduva";"2014";"4330";
"Aricanduva";"2015";"4390";
"Aricanduva";"2016";"4273";
"Aricanduva";"2017";"4156";
"Aricanduva";"2018";"4040";
"Artur Alvim";"1995";"7541";
"Artur Alvim";"1996";"7404";
"Artur Alvim";"1997";"7262";
"Artur Alvim";"1998";"7116";
"Artur Alvim";"1999";"6965";
"Artur Alvim";"2000";"6797";
"Artur Alvim";"2001";"6621";
"Artur Alvim";"2002";"6438";
"Artur Alvim";"2003";"6254";
"Artur Alvim";"2004";"6066";
"Artur Alvim";"2005";"5878";
"Artur Alvim";"2006";"5689";
"Artur Alvim";"2007";"5503";
"Artur Alvim";"2008";"5318";
"Artur Alvim";"2009";"5138";
"Artur Alvim";"2010";"4974";
"Artur Alvim";"2011";"5020";
"Artur Alvim";"2012";"5060";
"Artur Alvim";"2013";"5103";
"Artur Alvim";"2014";"5143";
"Artur Alvim";"2015";"5180";
"Artur Alvim";"2016";"5047";
"Artur Alvim";"2017";"4910";
"Artur Alvim";"2018";"4778";
"Barra Funda";"1995";"736";
"Barra Funda";"1996";"698";
"Barra Funda";"1997";"662";
"Barra Funda";"1998";"626";
"Barra Funda";"1999";"592";
"Barra Funda";"2000";"559";
"Barra Funda";"2001";"562";
"Barra Funda";"2002";"564";
"Barra Funda";"2003";"567";
"Barra Funda";"2004";"563";
"Barra Funda";"2005";"573";
"Barra Funda";"2006";"574";
"Barra Funda";"2007";"575";
"Barra Funda";"2008";"577";
"Barra Funda";"2009";"580";
"Barra Funda";"2010";"583";
"Barra Funda";"2011";"633";
"Barra Funda";"2012";"684";
"Barra Funda";"2013";"742";
"Barra Funda";"2014";"800";
"Barra Funda";"2015";"862";
"Barra Funda";"2016";"838";
"Barra Funda";"2017";"813";
"Barra Funda";"2018";"785";
"Bela Vista";"1995";"3105";
"Bela Vista";"1996";"2988";
"Bela Vista";"1997";"2874";
"Bela Vista";"1998";"2762";
"Bela Vista";"1999";"2651";
"Bela Vista";"2000";"2542";
"Bela Vista";"2001";"2509";
"Bela Vista";"2002";"2479";
"Bela Vista";"2003";"2447";
"Bela Vista";"2004";"2415";
"Bela Vista";"2005";"2377";
"Bela Vista";"2006";"2342";
"Bela Vista";"2007";"2306";
"Bela Vista";"2008";"2272";
"Bela Vista";"2009";"2235";
"Bela Vista";"2010";"2194";
"Bela Vista";"2011";"2429";
"Bela Vista";"2012";"2678";
"Bela Vista";"2013";"2945";
"Bela Vista";"2014";"3227";
"Bela Vista";"2015";"3525";
"Bela Vista";"2016";"3443";
"Bela Vista";"2017";"3350";
"Bela Vista";"2018";"3244";
"Belém";"1995";"2393";
"Belém";"1996";"2318";
"Belém";"1997";"2242";
"Belém";"1998";"2170";
"Belém";"1999";"2095";
"Belém";"2000";"2020";
"Belém";"2001";"2024";
"Belém";"2002";"2027";
"Belém";"2003";"2035";
"Belém";"2004";"2039";
"Belém";"2005";"2049";
"Belém";"2006";"2058";
"Belém";"2007";"2068";
"Belém";"2008";"2075";
"Belém";"2009";"2077";
"Belém";"2010";"2077";
"Belém";"2011";"2332";
"Belém";"2012";"2615";
"Belém";"2013";"2920";
"Belém";"2014";"3255";
"Belém";"2015";"3619";
"Belém";"2016";"3472";
"Belém";"2017";"3318";
"Belém";"2018";"3152";
"Bom Retiro";"1995";"1789";
"Bom Retiro";"1996";"1739";
"Bom Retiro";"1997";"1692";
"Bom Retiro";"1998";"1638";
"Bom Retiro";"1999";"1593";
"Bom Retiro";"2000";"1539";
"Bom Retiro";"2001";"1560";
"Bom Retiro";"2002";"1577";
"Bom Retiro";"2003";"1595";
"Bom Retiro";"2004";"1618";
"Bom Retiro";"2005";"1636";
"Bom Retiro";"2006";"1651";
"Bom Retiro";"2007";"1677";
"Bom Retiro";"2008";"1693";
"Bom Retiro";"2009";"1712";
"Bom Retiro";"2010";"1729";
"Bom Retiro";"2011";"1874";
"Bom Retiro";"2012";"2030";
"Bom Retiro";"2013";"2195";
"Bom Retiro";"2014";"2367";
"Bom Retiro";"2015";"2552";
"Bom Retiro";"2016";"2475";
"Bom Retiro";"2017";"2392";
"Bom Retiro";"2018";"2308";
"Brás";"1995";"1970";
"Brás";"1996";"1905";
"Brás";"1997";"1843";
"Brás";"1998";"1782";
"Brás";"1999";"1719";
"Brás";"2000";"1656";
"Brás";"2001";"1628";
"Brás";"2002";"1594";
"Brás";"2003";"1566";
"Brás";"2004";"1532";
"Brás";"2005";"1505";
"Brás";"2006";"1473";
"Brás";"2007";"1450";
"Brás";"2008";"1424";
"Brás";"2009";"1392";
"Brás";"2010";"1363";
"Brás";"2011";"1555";
"Brás";"2012";"1769";
"Brás";"2013";"2004";
"Brás";"2014";"2260";
"Brás";"2015";"2544";
"Brás";"2016";"2429";
"Brás";"2017";"2304";
"Brás";"2018";"2177";
"Brasilândia";"1995";"19779";
"Brasilândia";"1996";"20265";
"Brasilândia";"1997";"20754";
"Brasilândia";"1998";"21239";
"Brasilândia";"1999";"21712";
"Brasilândia";"2000";"22157";
"Brasilândia";"2001";"21537";
"Brasilândia";"2002";"20881";
"Brasilândia";"2003";"20223";
"Brasilândia";"2004";"19570";
"Brasilândia";"2005";"18919";
"Brasilândia";"2006";"18269";
"Brasilândia";"2007";"17617";
"Brasilândia";"2008";"16987";
"Brasilândia";"2009";"16363";
"Brasilândia";"2010";"15777";
"Brasilândia";"2011";"16611";
"Brasilândia";"2012";"17459";
"Brasilândia";"2013";"18326";
"Brasilândia";"2014";"19213";
"Brasilândia";"2015";"20117";
"Brasilândia";"2016";"19686";
"Brasilândia";"2017";"19242";
"Brasilândia";"2018";"18790";
"Butantã";"1995";"2604";
"Butantã";"1996";"2522";
"Butantã";"1997";"2440";
"Butantã";"1998";"2355";
"Butantã";"1999";"2272";
"Butantã";"2000";"2185";
"Butantã";"2001";"2161";
"Butantã";"2002";"2136";
"Butantã";"2003";"2106";
"Butantã";"2004";"2074";
"Butantã";"2005";"2048";
"Butantã";"2006";"2014";
"Butantã";"2007";"1977";
"Butantã";"2008";"1948";
"Butantã";"2009";"1915";
"Butantã";"2010";"1878";
"Butantã";"2011";"1970";
"Butantã";"2012";"2068";
"Butantã";"2013";"2164";
"Butantã";"2014";"2260";
"Butantã";"2015";"2363";
"Butantã";"2016";"2292";
"Butantã";"2017";"2220";
"Butantã";"2018";"2145";
"Cachoeirinha";"1995";"11718";
"Cachoeirinha";"1996";"11766";
"Cachoeirinha";"1997";"11799";
"Cachoeirinha";"1998";"11831";
"Cachoeirinha";"1999";"11849";
"Cachoeirinha";"2000";"11844";
"Cachoeirinha";"2001";"11457";
"Cachoeirinha";"2002";"11059";
"Cachoeirinha";"2003";"10663";
"Cachoeirinha";"2004";"10278";
"Cachoeirinha";"2005";"9893";
"Cachoeirinha";"2006";"9522";
"Cachoeirinha";"2007";"9157";
"Cachoeirinha";"2008";"8795";
"Cachoeirinha";"2009";"8451";
"Cachoeirinha";"2010";"8138";
"Cachoeirinha";"2011";"8457";
"Cachoeirinha";"2012";"8782";
"Cachoeirinha";"2013";"9108";
"Cachoeirinha";"2014";"9439";
"Cachoeirinha";"2015";"9770";
"Cachoeirinha";"2016";"9498";
"Cachoeirinha";"2017";"9223";
"Cachoeirinha";"2018";"8949";
"Cambuci";"1995";"1761";
"Cambuci";"1996";"1691";
"Cambuci";"1997";"1621";
"Cambuci";"1998";"1552";
"Cambuci";"1999";"1485";
"Cambuci";"2000";"1417";
"Cambuci";"2001";"1450";
"Cambuci";"2002";"1477";
"Cambuci";"2003";"1508";
"Cambuci";"2004";"1539";
"Cambuci";"2005";"1571";
"Cambuci";"2006";"1600";
"Cambuci";"2007";"1629";
"Cambuci";"2008";"1657";
"Cambuci";"2009";"1685";
"Cambuci";"2010";"1703";
"Cambuci";"2011";"1782";
"Cambuci";"2012";"1865";
"Cambuci";"2013";"1950";
"Cambuci";"2014";"2037";
"Cambuci";"2015";"2128";
"Cambuci";"2016";"2075";
"Cambuci";"2017";"2020";
"Cambuci";"2018";"1964";
"Campo Belo";"1995";"3567";
"Campo Belo";"1996";"3431";
"Campo Belo";"1997";"3297";
"Campo Belo";"1998";"3164";
"Campo Belo";"1999";"3030";
"Campo Belo";"2000";"2897";
"Campo Belo";"2001";"2868";
"Campo Belo";"2002";"2843";
"Campo Belo";"2003";"2808";
"Campo Belo";"2004";"2773";
"Campo Belo";"2005";"2738";
"Campo Belo";"2006";"2704";
"Campo Belo";"2007";"2666";
"Campo Belo";"2008";"2623";
"Campo Belo";"2009";"2584";
"Campo Belo";"2010";"2548";
"Campo Belo";"2011";"2625";
"Campo Belo";"2012";"2706";
"Campo Belo";"2013";"2786";
"Campo Belo";"2014";"2862";
"Campo Belo";"2015";"2943";
"Campo Belo";"2016";"2836";
"Campo Belo";"2017";"2732";
"Campo Belo";"2018";"2625";
"Campo Grande";"1995";"5127";
"Campo Grande";"1996";"5093";
"Campo Grande";"1997";"5056";
"Campo Grande";"1998";"5011";
"Campo Grande";"1999";"4965";
"Campo Grande";"2000";"4906";
"Campo Grande";"2001";"4890";
"Campo Grande";"2002";"4870";
"Campo Grande";"2003";"4846";
"Campo Grande";"2004";"4820";
"Campo Grande";"2005";"4789";
"Campo Grande";"2006";"4756";
"Campo Grande";"2007";"4721";
"Campo Grande";"2008";"4682";
"Campo Grande";"2009";"4646";
"Campo Grande";"2010";"4599";
"Campo Grande";"2011";"4667";
"Campo Grande";"2012";"4732";
"Campo Grande";"2013";"4795";
"Campo Grande";"2014";"4858";
"Campo Grande";"2015";"4919";
"Campo Grande";"2016";"4799";
"Campo Grande";"2017";"4681";
"Campo Grande";"2018";"4561";
"Campo Limpo";"1995";"14486";
"Campo Limpo";"1996";"14682";
"Campo Limpo";"1997";"14877";
"Campo Limpo";"1998";"15057";
"Campo Limpo";"1999";"15222";
"Campo Limpo";"2000";"15359";
"Campo Limpo";"2001";"15108";
"Campo Limpo";"2002";"14835";
"Campo Limpo";"2003";"14547";
"Campo Limpo";"2004";"14252";
"Campo Limpo";"2005";"13950";
"Campo Limpo";"2006";"13652";
"Campo Limpo";"2007";"13350";
"Campo Limpo";"2008";"13044";
"Campo Limpo";"2009";"12742";
"Campo Limpo";"2010";"12450";
"Campo Limpo";"2011";"12707";
"Campo Limpo";"2012";"12957";
"Campo Limpo";"2013";"13202";
"Campo Limpo";"2014";"13443";
"Campo Limpo";"2015";"13682";
"Campo Limpo";"2016";"13452";
"Campo Limpo";"2017";"13223";
"Campo Limpo";"2018";"12984";
"Cangaiba";"1995";"9098";
"Cangaiba";"1996";"9189";
"Cangaiba";"1997";"9276";
"Cangaiba";"1998";"9358";
"Cangaiba";"1999";"9431";
"Cangaiba";"2000";"9486";
"Cangaiba";"2001";"9199";
"Cangaiba";"2002";"8908";
"Cangaiba";"2003";"8611";
"Cangaiba";"2004";"8329";
"Cangaiba";"2005";"8047";
"Cangaiba";"2006";"7773";
"Cangaiba";"2007";"7493";
"Cangaiba";"2008";"7224";
"Cangaiba";"2009";"6959";
"Cangaiba";"2010";"6714";
"Cangaiba";"2011";"7010";
"Cangaiba";"2012";"7314";
"Cangaiba";"2013";"7623";
"Cangaiba";"2014";"7931";
"Cangaiba";"2015";"8252";
"Cangaiba";"2016";"8032";
"Cangaiba";"2017";"7807";
"Cangaiba";"2018";"7582";
"Capão Redondo";"1995";"18655";
"Capão Redondo";"1996";"18870";
"Capão Redondo";"1997";"19083";
"Capão Redondo";"1998";"19281";
"Capão Redondo";"1999";"19454";
"Capão Redondo";"2000";"19585";
"Capão Redondo";"2001";"19248";
"Capão Redondo";"2002";"18868";
"Capão Redondo";"2003";"18504";
"Capão Redondo";"2004";"18145";
"Capão Redondo";"2005";"17775";
"Capão Redondo";"2006";"17395";
"Capão Redondo";"2007";"17007";
"Capão Redondo";"2008";"16620";
"Capão Redondo";"2009";"16237";
"Capão Redondo";"2010";"15861";
"Capão Redondo";"2011";"16465";
"Capão Redondo";"2012";"17067";
"Capão Redondo";"2013";"17681";
"Capão Redondo";"2014";"18296";
"Capão Redondo";"2015";"18910";
"Capão Redondo";"2016";"18598";
"Capão Redondo";"2017";"18271";
"Capão Redondo";"2018";"17935";
"Carrão";"1995";"4689";
"Carrão";"1996";"4530";
"Carrão";"1997";"4376";
"Carrão";"1998";"4221";
"Carrão";"1999";"4069";
"Carrão";"2000";"3912";
"Carrão";"2001";"3844";
"Carrão";"2002";"3774";
"Carrão";"2003";"3699";
"Carrão";"2004";"3632";
"Carrão";"2005";"3562";
"Carrão";"2006";"3487";
"Carrão";"2007";"3414";
"Carrão";"2008";"3338";
"Carrão";"2009";"3266";
"Carrão";"2010";"3191";
"Carrão";"2011";"3291";
"Carrão";"2012";"3391";
"Carrão";"2013";"3493";
"Carrão";"2014";"3598";
"Carrão";"2015";"3701";
"Carrão";"2016";"3614";
"Carrão";"2017";"3525";
"Carrão";"2018";"3438";
"Casa Verde";"1995";"5403";
"Casa Verde";"1996";"5224";
"Casa Verde";"1997";"5048";
"Casa Verde";"1998";"4873";
"Casa Verde";"1999";"4699";
"Casa Verde";"2000";"4521";
"Casa Verde";"2001";"4456";
"Casa Verde";"2002";"4386";
"Casa Verde";"2003";"4314";
"Casa Verde";"2004";"4244";
"Casa Verde";"2005";"4174";
"Casa Verde";"2006";"4101";
"Casa Verde";"2007";"4028";
"Casa Verde";"2008";"3955";
"Casa Verde";"2009";"3880";
"Casa Verde";"2010";"3803";
"Casa Verde";"2011";"3999";
"Casa Verde";"2012";"4203";
"Casa Verde";"2013";"4410";
"Casa Verde";"2014";"4628";
"Casa Verde";"2015";"4849";
"Casa Verde";"2016";"4700";
"Casa Verde";"2017";"4551";
"Casa Verde";"2018";"4398";
"Cidade Ademar";"1995";"19512";
"Cidade Ademar";"1996";"19326";
"Cidade Ademar";"1997";"19128";
"Cidade Ademar";"1998";"18922";
"Cidade Ademar";"1999";"18691";
"Cidade Ademar";"2000";"18425";
"Cidade Ademar";"2001";"18131";
"Cidade Ademar";"2002";"17807";
"Cidade Ademar";"2003";"17460";
"Cidade Ademar";"2004";"17098";
"Cidade Ademar";"2005";"16735";
"Cidade Ademar";"2006";"16368";
"Cidade Ademar";"2007";"15999";
"Cidade Ademar";"2008";"15620";
"Cidade Ademar";"2009";"15261";
"Cidade Ademar";"2010";"14905";
"Cidade Ademar";"2011";"15530";
"Cidade Ademar";"2012";"16166";
"Cidade Ademar";"2013";"16818";
"Cidade Ademar";"2014";"17481";
"Cidade Ademar";"2015";"18152";
"Cidade Ademar";"2016";"17760";
"Cidade Ademar";"2017";"17354";
"Cidade Ademar";"2018";"16944";
"Cidade Dutra";"1995";"14135";
"Cidade Dutra";"1996";"14164";
"Cidade Dutra";"1997";"14181";
"Cidade Dutra";"1998";"14189";
"Cidade Dutra";"1999";"14179";
"Cidade Dutra";"2000";"14136";
"Cidade Dutra";"2001";"13761";
"Cidade Dutra";"2002";"13372";
"Cidade Dutra";"2003";"12977";
"Cidade Dutra";"2004";"12580";
"Cidade Dutra";"2005";"12184";
"Cidade Dutra";"2006";"11789";
"Cidade Dutra";"2007";"11392";
"Cidade Dutra";"2008";"11004";
"Cidade Dutra";"2009";"10627";
"Cidade Dutra";"2010";"10269";
"Cidade Dutra";"2011";"10618";
"Cidade Dutra";"2012";"10965";
"Cidade Dutra";"2013";"11316";
"Cidade Dutra";"2014";"11665";
"Cidade Dutra";"2015";"12011";
"Cidade Dutra";"2016";"11736";
"Cidade Dutra";"2017";"11462";
"Cidade Dutra";"2018";"11180";
"Cidade Lider";"1995";"8196";
"Cidade Lider";"1996";"8250";
"Cidade Lider";"1997";"8300";
"Cidade Lider";"1998";"8344";
"Cidade Lider";"1999";"8375";
"Cidade Lider";"2000";"8393";
"Cidade Lider";"2001";"8233";
"Cidade Lider";"2002";"8064";
"Cidade Lider";"2003";"7903";
"Cidade Lider";"2004";"7729";
"Cidade Lider";"2005";"7554";
"Cidade Lider";"2006";"7379";
"Cidade Lider";"2007";"7199";
"Cidade Lider";"2008";"7022";
"Cidade Lider";"2009";"6844";
"Cidade Lider";"2010";"6672";
"Cidade Lider";"2011";"6873";
"Cidade Lider";"2012";"7078";
"Cidade Lider";"2013";"7279";
"Cidade Lider";"2014";"7480";
"Cidade Lider";"2015";"7680";
"Cidade Lider";"2016";"7546";
"Cidade Lider";"2017";"7408";
"Cidade Lider";"2018";"7273";
"Cidade Tiradentes";"1995";"12984";
"Cidade Tiradentes";"1996";"13876";
"Cidade Tiradentes";"1997";"14814";
"Cidade Tiradentes";"1998";"15805";
"Cidade Tiradentes";"1999";"16840";
"Cidade Tiradentes";"2000";"17897";
"Cidade Tiradentes";"2001";"17472";
"Cidade Tiradentes";"2002";"17035";
"Cidade Tiradentes";"2003";"16597";
"Cidade Tiradentes";"2004";"16157";
"Cidade Tiradentes";"2005";"15728";
"Cidade Tiradentes";"2006";"15277";
"Cidade Tiradentes";"2007";"14834";
"Cidade Tiradentes";"2008";"14395";
"Cidade Tiradentes";"2009";"13962";
"Cidade Tiradentes";"2010";"13541";
"Cidade Tiradentes";"2011";"13777";
"Cidade Tiradentes";"2012";"14005";
"Cidade Tiradentes";"2013";"14219";
"Cidade Tiradentes";"2014";"14420";
"Cidade Tiradentes";"2015";"14610";
"Cidade Tiradentes";"2016";"14572";
"Cidade Tiradentes";"2017";"14531";
"Cidade Tiradentes";"2018";"14482";
"Consolação";"1995";"2161";
"Consolação";"1996";"2043";
"Consolação";"1997";"1929";
"Consolação";"1998";"1822";
"Consolação";"1999";"1717";
"Consolação";"2000";"1616";
"Consolação";"2001";"1585";
"Consolação";"2002";"1554";
"Consolação";"2003";"1519";
"Consolação";"2004";"1489";
"Consolação";"2005";"1453";
"Consolação";"2006";"1422";
"Consolação";"2007";"1388";
"Consolação";"2008";"1359";
"Consolação";"2009";"1327";
"Consolação";"2010";"1295";
"Consolação";"2011";"1404";
"Consolação";"2012";"1514";
"Consolação";"2013";"1629";
"Consolação";"2014";"1744";
"Consolação";"2015";"1866";
"Consolação";"2016";"1875";
"Consolação";"2017";"1875";
"Consolação";"2018";"1870";
"Cursino";"1995";"6326";
"Cursino";"1996";"6111";
"Cursino";"1997";"5896";
"Cursino";"1998";"5684";
"Cursino";"1999";"5473";
"Cursino";"2000";"5257";
"Cursino";"2001";"5214";
"Cursino";"2002";"5163";
"Cursino";"2003";"5108";
"Cursino";"2004";"5058";
"Cursino";"2005";"4998";
"Cursino";"2006";"4940";
"Cursino";"2007";"4880";
"Cursino";"2008";"4815";
"Cursino";"2009";"4753";
"Cursino";"2010";"4690";
"Cursino";"2011";"4871";
"Cursino";"2012";"5057";
"Cursino";"2013";"5242";
"Cursino";"2014";"5436";
"Cursino";"2015";"5628";
"Cursino";"2016";"5466";
"Cursino";"2017";"5304";
"Cursino";"2018";"5141";
"Ermelino Matarazzo";"1995";"8050";
"Ermelino Matarazzo";"1996";"8050";
"Ermelino Matarazzo";"1997";"8045";
"Ermelino Matarazzo";"1998";"8034";
"Ermelino Matarazzo";"1999";"8014";
"Ermelino Matarazzo";"2000";"7982";
"Ermelino Matarazzo";"2001";"7821";
"Ermelino Matarazzo";"2002";"7655";
"Ermelino Matarazzo";"2003";"7494";
"Ermelino Matarazzo";"2004";"7325";
"Ermelino Matarazzo";"2005";"7156";
"Ermelino Matarazzo";"2006";"6993";
"Ermelino Matarazzo";"2007";"6818";
"Ermelino Matarazzo";"2008";"6646";
"Ermelino Matarazzo";"2009";"6465";
"Ermelino Matarazzo";"2010";"6293";
"Ermelino Matarazzo";"2011";"6438";
"Ermelino Matarazzo";"2012";"6583";
"Ermelino Matarazzo";"2013";"6726";
"Ermelino Matarazzo";"2014";"6866";
"Ermelino Matarazzo";"2015";"7007";
"Ermelino Matarazzo";"2016";"6863";
"Ermelino Matarazzo";"2017";"6717";
"Ermelino Matarazzo";"2018";"6570";
"Freguesia do Ó";"1995";"9809";
"Freguesia do Ó";"1996";"9609";
"Freguesia do Ó";"1997";"9402";
"Freguesia do Ó";"1998";"9192";
"Freguesia do Ó";"1999";"8976";
"Freguesia do Ó";"2000";"8745";
"Freguesia do Ó";"2001";"8488";
"Freguesia do Ó";"2002";"8218";
"Freguesia do Ó";"2003";"7950";
"Freguesia do Ó";"2004";"7686";
"Freguesia do Ó";"2005";"7422";
"Freguesia do Ó";"2006";"7168";
"Freguesia do Ó";"2007";"6910";
"Freguesia do Ó";"2008";"6664";
"Freguesia do Ó";"2009";"6419";
"Freguesia do Ó";"2010";"6188";
"Freguesia do Ó";"2011";"6480";
"Freguesia do Ó";"2012";"6782";
"Freguesia do Ó";"2013";"7087";
"Freguesia do Ó";"2014";"7397";
"Freguesia do Ó";"2015";"7715";
"Freguesia do Ó";"2016";"7488";
"Freguesia do Ó";"2017";"7248";
"Freguesia do Ó";"2018";"7013";
"Grajaú";"1995";"22663";
"Grajaú";"1996";"23997";
"Grajaú";"1997";"25423";
"Grajaú";"1998";"26905";
"Grajaú";"1999";"28427";
"Grajaú";"2000";"29945";
"Grajaú";"2001";"29227";
"Grajaú";"2002";"28453";
"Grajaú";"2003";"27665";
"Grajaú";"2004";"26880";
"Grajaú";"2005";"26094";
"Grajaú";"2006";"25304";
"Grajaú";"2007";"24515";
"Grajaú";"2008";"23734";
"Grajaú";"2009";"22969";
"Grajaú";"2010";"22240";
"Grajaú";"2011";"23051";
"Grajaú";"2012";"23869";
"Grajaú";"2013";"24660";
"Grajaú";"2014";"25481";
"Grajaú";"2015";"26280";
"Grajaú";"2016";"25814";
"Grajaú";"2017";"25332";
"Grajaú";"2018";"24839";
"Guaianases";"1995";"8127";
"Guaianases";"1996";"8231";
"Guaianases";"1997";"8325";
"Guaianases";"1998";"8419";
"Guaianases";"1999";"8502";
"Guaianases";"2000";"8579";
"Guaianases";"2001";"8345";
"Guaianases";"2002";"8113";
"Guaianases";"2003";"7869";
"Guaianases";"2004";"7620";
"Guaianases";"2005";"7372";
"Guaianases";"2006";"7129";
"Guaianases";"2007";"6870";
"Guaianases";"2008";"6618";
"Guaianases";"2009";"6376";
"Guaianases";"2010";"6149";
"Guaianases";"2011";"6375";
"Guaianases";"2012";"6600";
"Guaianases";"2013";"6829";
"Guaianases";"2014";"7055";
"Guaianases";"2015";"7284";
"Guaianases";"2016";"7163";
"Guaianases";"2017";"7037";
"Guaianases";"2018";"6910";
"Iguatemi";"1995";"7053";
"Iguatemi";"1996";"7406";
"Iguatemi";"1997";"7771";
"Iguatemi";"1998";"8153";
"Iguatemi";"1999";"8544";
"Iguatemi";"2000";"8938";
"Iguatemi";"2001";"8872";
"Iguatemi";"2002";"8781";
"Iguatemi";"2003";"8683";
"Iguatemi";"2004";"8580";
"Iguatemi";"2005";"8475";
"Iguatemi";"2006";"8361";
"Iguatemi";"2007";"8239";
"Iguatemi";"2008";"8106";
"Iguatemi";"2009";"7983";
"Iguatemi";"2010";"7840";
"Iguatemi";"2011";"8207";
"Iguatemi";"2012";"8578";
"Iguatemi";"2013";"8956";
"Iguatemi";"2014";"9342";
"Iguatemi";"2015";"9728";
"Iguatemi";"2016";"9683";
"Iguatemi";"2017";"9634";
"Iguatemi";"2018";"9579";
"Ipiranga";"1995";"5295";
"Ipiranga";"1996";"5280";
"Ipiranga";"1997";"5267";
"Ipiranga";"1998";"5245";
"Ipiranga";"1999";"5222";
"Ipiranga";"2000";"5186";
"Ipiranga";"2001";"5129";
"Ipiranga";"2002";"5062";
"Ipiranga";"2003";"4995";
"Ipiranga";"2004";"4926";
"Ipiranga";"2005";"4863";
"Ipiranga";"2006";"4800";
"Ipiranga";"2007";"4729";
"Ipiranga";"2008";"4658";
"Ipiranga";"2009";"4593";
"Ipiranga";"2010";"4523";
"Ipiranga";"2011";"4713";
"Ipiranga";"2012";"4910";
"Ipiranga";"2013";"5109";
"Ipiranga";"2014";"5315";
"Ipiranga";"2015";"5521";
"Ipiranga";"2016";"5377";
"Ipiranga";"2017";"5232";
"Ipiranga";"2018";"5085";
"Itaim Bibi";"1995";"4151";
"Itaim Bibi";"1996";"3863";
"Itaim Bibi";"1997";"3591";
"Itaim Bibi";"1998";"3337";
"Itaim Bibi";"1999";"3089";
"Itaim Bibi";"2000";"2857";
"Itaim Bibi";"2001";"2919";
"Itaim Bibi";"2002";"2977";
"Itaim Bibi";"2003";"3043";
"Itaim Bibi";"2004";"3101";
"Itaim Bibi";"2005";"3158";
"Itaim Bibi";"2006";"3217";
"Itaim Bibi";"2007";"3275";
"Itaim Bibi";"2008";"3333";
"Itaim Bibi";"2009";"3390";
"Itaim Bibi";"2010";"3441";
"Itaim Bibi";"2011";"3609";
"Itaim Bibi";"2012";"3778";
"Itaim Bibi";"2013";"3952";
"Itaim Bibi";"2014";"4122";
"Itaim Bibi";"2015";"4293";
"Itaim Bibi";"2016";"4146";
"Itaim Bibi";"2017";"3998";
"Itaim Bibi";"2018";"3842";
"Itaim Paulista";"1995";"17035";
"Itaim Paulista";"1996";"17323";
"Itaim Paulista";"1997";"17609";
"Itaim Paulista";"1998";"17890";
"Itaim Paulista";"1999";"18151";
"Itaim Paulista";"2000";"18385";
"Itaim Paulista";"2001";"17892";
"Itaim Paulista";"2002";"17384";
"Itaim Paulista";"2003";"16866";
"Itaim Paulista";"2004";"16342";
"Itaim Paulista";"2005";"15828";
"Itaim Paulista";"2006";"15318";
"Itaim Paulista";"2007";"14808";
"Itaim Paulista";"2008";"14311";
"Itaim Paulista";"2009";"13818";
"Itaim Paulista";"2010";"13353";
"Itaim Paulista";"2011";"13664";
"Itaim Paulista";"2012";"13970";
"Itaim Paulista";"2013";"14270";
"Itaim Paulista";"2014";"14569";
"Itaim Paulista";"2015";"14860";
"Itaim Paulista";"2016";"14626";
"Itaim Paulista";"2017";"14390";
"Itaim Paulista";"2018";"14146";
"Itaquera";"1995";"15483";
"Itaquera";"1996";"15616";
"Itaquera";"1997";"15740";
"Itaquera";"1998";"15858";
"Itaquera";"1999";"15956";
"Itaquera";"2000";"16027";
"Itaquera";"2001";"15530";
"Itaquera";"2002";"15035";
"Itaquera";"2003";"14542";
"Itaquera";"2004";"14062";
"Itaquera";"2005";"13588";
"Itaquera";"2006";"13114";
"Itaquera";"2007";"12650";
"Itaquera";"2008";"12187";
"Itaquera";"2009";"11735";
"Itaquera";"2010";"11305";
"Itaquera";"2011";"11608";
"Itaquera";"2012";"11909";
"Itaquera";"2013";"12210";
"Itaquera";"2014";"12509";
"Itaquera";"2015";"12807";
"Itaquera";"2016";"12524";
"Itaquera";"2017";"12238";
"Itaquera";"2018";"11953";
"Jabaquara";"1995";"14953";
"Jabaquara";"1996";"14696";
"Jabaquara";"1997";"14435";
"Jabaquara";"1998";"14166";
"Jabaquara";"1999";"13881";
"Jabaquara";"2000";"13576";
"Jabaquara";"2001";"13327";
"Jabaquara";"2002";"13067";
"Jabaquara";"2003";"12805";
"Jabaquara";"2004";"12534";
"Jabaquara";"2005";"12266";
"Jabaquara";"2006";"11995";
"Jabaquara";"2007";"11718";
"Jabaquara";"2008";"11450";
"Jabaquara";"2009";"11180";
"Jabaquara";"2010";"10914";
"Jabaquara";"2011";"11236";
"Jabaquara";"2012";"11558";
"Jabaquara";"2013";"11885";
"Jabaquara";"2014";"12212";
"Jabaquara";"2015";"12543";
"Jabaquara";"2016";"12194";
"Jabaquara";"2017";"11844";
"Jabaquara";"2018";"11494";
"Jaguara";"1995";"1583";
"Jaguara";"1996";"1528";
"Jaguara";"1997";"1470";
"Jaguara";"1998";"1413";
"Jaguara";"1999";"1358";
"Jaguara";"2000";"1300";
"Jaguara";"2001";"1274";
"Jaguara";"2002";"1244";
"Jaguara";"2003";"1216";
"Jaguara";"2004";"1188";
"Jaguara";"2005";"1160";
"Jaguara";"2006";"1133";
"Jaguara";"2007";"1102";
"Jaguara";"2008";"1071";
"Jaguara";"2009";"1041";
"Jaguara";"2010";"1018";
"Jaguara";"2011";"1058";
"Jaguara";"2012";"1096";
"Jaguara";"2013";"1139";
"Jaguara";"2014";"1180";
"Jaguara";"2015";"1221";
"Jaguara";"2016";"1181";
"Jaguara";"2017";"1140";
"Jaguara";"2018";"1101";
"Jaguaré";"1995";"3084";
"Jaguaré";"1996";"3057";
"Jaguaré";"1997";"3026";
"Jaguaré";"1998";"2995";
"Jaguaré";"1999";"2962";
"Jaguaré";"2000";"2921";
"Jaguaré";"2001";"2895";
"Jaguaré";"2002";"2868";
"Jaguaré";"2003";"2837";
"Jaguaré";"2004";"2801";
"Jaguaré";"2005";"2768";
"Jaguaré";"2006";"2729";
"Jaguaré";"2007";"2691";
"Jaguaré";"2008";"2652";
"Jaguaré";"2009";"2613";
"Jaguaré";"2010";"2571";
"Jaguaré";"2011";"2661";
"Jaguaré";"2012";"2749";
"Jaguaré";"2013";"2840";
"Jaguaré";"2014";"2928";
"Jaguaré";"2015";"3019";
"Jaguaré";"2016";"2953";
"Jaguaré";"2017";"2886";
"Jaguaré";"2018";"2819";
"Jaraguá";"1995";"9532";
"Jaraguá";"1996";"9977";
"Jaraguá";"1997";"10441";
"Jaraguá";"1998";"10917";
"Jaraguá";"1999";"11399";
"Jaraguá";"2000";"11883";
"Jaraguá";"2001";"11804";
"Jaraguá";"2002";"11711";
"Jaraguá";"2003";"11601";
"Jaraguá";"2004";"11480";
"Jaraguá";"2005";"11348";
"Jaraguá";"2006";"11207";
"Jaraguá";"2007";"11050";
"Jaraguá";"2008";"10882";
"Jaraguá";"2009";"10710";
"Jaraguá";"2010";"10507";
"Jaraguá";"2011";"10993";
"Jaraguá";"2012";"11485";
"Jaraguá";"2013";"11985";
"Jaraguá";"2014";"12491";
"Jaraguá";"2015";"13003";
"Jaraguá";"2016";"12858";
"Jaraguá";"2017";"12705";
"Jaraguá";"2018";"12546";
"Jardim Ângela";"1995";"19191";
"Jardim Ângela";"1996";"19866";
"Jardim Ângela";"1997";"20552";
"Jardim Ângela";"1998";"21250";
"Jardim Ângela";"1999";"21944";
"Jardim Ângela";"2000";"22627";
"Jardim Ângela";"2001";"22417";
"Jardim Ângela";"2002";"22162";
"Jardim Ângela";"2003";"21884";
"Jardim Ângela";"2004";"21587";
"Jardim Ângela";"2005";"21277";
"Jardim Ângela";"2006";"20961";
"Jardim Ângela";"2007";"20628";
"Jardim Ângela";"2008";"20283";
"Jardim Ângela";"2009";"19942";
"Jardim Ângela";"2010";"19577";
"Jardim Ângela";"2011";"20094";
"Jardim Ângela";"2012";"20604";
"Jardim Ângela";"2013";"21110";
"Jardim Ângela";"2014";"21612";
"Jardim Ângela";"2015";"22104";
"Jardim Ângela";"2016";"21843";
"Jardim Ângela";"2017";"21567";
"Jardim Ângela";"2018";"21281";
"Jardim Helena";"1995";"11810";
"Jardim Helena";"1996";"11924";
"Jardim Helena";"1997";"12035";
"Jardim Helena";"1998";"12136";
"Jardim Helena";"1999";"12222";
"Jardim Helena";"2000";"12291";
"Jardim Helena";"2001";"11861";
"Jardim Helena";"2002";"11419";
"Jardim Helena";"2003";"10987";
"Jardim Helena";"2004";"10556";
"Jardim Helena";"2005";"10133";
"Jardim Helena";"2006";"9715";
"Jardim Helena";"2007";"9306";
"Jardim Helena";"2008";"8911";
"Jardim Helena";"2009";"8535";
"Jardim Helena";"2010";"8194";
"Jardim Helena";"2011";"8487";
"Jardim Helena";"2012";"8784";
"Jardim Helena";"2013";"9084";
"Jardim Helena";"2014";"9382";
"Jardim Helena";"2015";"9686";
"Jardim Helena";"2016";"9473";
"Jardim Helena";"2017";"9261";
"Jardim Helena";"2018";"9041";
"Jardim Paulista";"1995";"3075";
"Jardim Paulista";"1996";"2934";
"Jardim Paulista";"1997";"2795";
"Jardim Paulista";"1998";"2665";
"Jardim Paulista";"1999";"2532";
"Jardim Paulista";"2000";"2406";
"Jardim Paulista";"2001";"2434";
"Jardim Paulista";"2002";"2459";
"Jardim Paulista";"2003";"2488";
"Jardim Paulista";"2004";"2519";
"Jardim Paulista";"2005";"2543";
"Jardim Paulista";"2006";"2566";
"Jardim Paulista";"2007";"2589";
"Jardim Paulista";"2008";"2612";
"Jardim Paulista";"2009";"2637";
"Jardim Paulista";"2010";"2656";
"Jardim Paulista";"2011";"2834";
"Jardim Paulista";"2012";"3017";
"Jardim Paulista";"2013";"3204";
"Jardim Paulista";"2014";"3397";
"Jardim Paulista";"2015";"3595";
"Jardim Paulista";"2016";"3512";
"Jardim Paulista";"2017";"3424";
"Jardim Paulista";"2018";"3328";
"Jardim São Luís";"1995";"18277";
"Jardim São Luís";"1996";"18458";
"Jardim São Luís";"1997";"18631";
"Jardim São Luís";"1998";"18793";
"Jardim São Luís";"1999";"18927";
"Jardim São Luís";"2000";"19023";
"Jardim São Luís";"2001";"18670";
"Jardim São Luís";"2002";"18281";
"Jardim São Luís";"2003";"17885";
"Jardim São Luís";"2004";"17503";
"Jardim São Luís";"2005";"17105";
"Jardim São Luís";"2006";"16691";
"Jardim São Luís";"2007";"16269";
"Jardim São Luís";"2008";"15851";
"Jardim São Luís";"2009";"15433";
"Jardim São Luís";"2010";"15029";
"Jardim São Luís";"2011";"15650";
"Jardim São Luís";"2012";"16275";
"Jardim São Luís";"2013";"16908";
"Jardim São Luís";"2014";"17548";
"Jardim São Luís";"2015";"18187";
"Jardim São Luís";"2016";"17823";
"Jardim São Luís";"2017";"17445";
"Jardim São Luís";"2018";"17060";
"Jaçanã";"1995";"6269";
"Jaçanã";"1996";"6288";
"Jaçanã";"1997";"6304";
"Jaçanã";"1998";"6316";
"Jaçanã";"1999";"6323";
"Jaçanã";"2000";"6316";
"Jaçanã";"2001";"6190";
"Jaçanã";"2002";"6059";
"Jaçanã";"2003";"5921";
"Jaçanã";"2004";"5785";
"Jaçanã";"2005";"5641";
"Jaçanã";"2006";"5505";
"Jaçanã";"2007";"5363";
"Jaçanã";"2008";"5222";
"Jaçanã";"2009";"5088";
"Jaçanã";"2010";"4957";
"Jaçanã";"2011";"4970";
"Jaçanã";"2012";"4987";
"Jaçanã";"2013";"4996";
"Jaçanã";"2014";"5007";
"Jaçanã";"2015";"5010";
"Jaçanã";"2016";"4934";
"Jaçanã";"2017";"4858";
"Jaçanã";"2018";"4783";
"José Bonifácio";"1995";"7462";3525706
"José Bonifácio";"1996";"7458";3525706
"José Bonifácio";"1997";"7443";3525706
"José Bonifácio";"1998";"7417";3525706
"José Bonifácio";"1999";"7375";3525706
"José Bonifácio";"2000";"7312";3525706
"José Bonifácio";"2001";"7306";3525706
"José Bonifácio";"2002";"7292";3525706
"José Bonifácio";"2003";"7270";3525706
"José Bonifácio";"2004";"7245";3525706
"José Bonifácio";"2005";"7205";3525706
"José Bonifácio";"2006";"7160";3525706
"José Bonifácio";"2007";"7111";3525706
"José Bonifácio";"2008";"7068";3525706
"José Bonifácio";"2009";"7015";3525706
"José Bonifácio";"2010";"6946";3525706
"José Bonifácio";"2011";"6928";3525706
"José Bonifácio";"2012";"6908";3525706
"José Bonifácio";"2013";"6881";3525706
"José Bonifácio";"2014";"6845";3525706
"José Bonifácio";"2015";"6806";3525706
"José Bonifácio";"2016";"6763";3525706
"José Bonifácio";"2017";"6716";3525706
"José Bonifácio";"2018";"6666";3525706
"Lajeado";"1995";"12904";
"Lajeado";"1996";"13247";
"Lajeado";"1997";"13597";
"Lajeado";"1998";"13944";
"Lajeado";"1999";"14284";
"Lajeado";"2000";"14615";
"Lajeado";"2001";"14172";
"Lajeado";"2002";"13713";
"Lajeado";"2003";"13257";
"Lajeado";"2004";"12818";
"Lajeado";"2005";"12396";
"Lajeado";"2006";"11968";
"Lajeado";"2007";"11549";
"Lajeado";"2008";"11136";
"Lajeado";"2009";"10735";
"Lajeado";"2010";"10365";
"Lajeado";"2011";"10626";
"Lajeado";"2012";"10885";
"Lajeado";"2013";"11140";
"Lajeado";"2014";"11400";
"Lajeado";"2015";"11652";
"Lajeado";"2016";"11482";
"Lajeado";"2017";"11308";
"Lajeado";"2018";"11128";
"Lapa";"1995";"2708";
"Lapa";"1996";"2601";
"Lapa";"1997";"2499";
"Lapa";"1998";"2397";
"Lapa";"1999";"2296";
"Lapa";"2000";"2196";
"Lapa";"2001";"2218";
"Lapa";"2002";"2241";
"Lapa";"2003";"2263";
"Lapa";"2004";"2287";
"Lapa";"2005";"2311";
"Lapa";"2006";"2330";
"Lapa";"2007";"2352";
"Lapa";"2008";"2373";
"Lapa";"2009";"2391";
"Lapa";"2010";"2411";
"Lapa";"2011";"2498";
"Lapa";"2012";"2586";
"Lapa";"2013";"2677";
"Lapa";"2014";"2764";
"Lapa";"2015";"2857";
"Lapa";"2016";"2768";
"Lapa";"2017";"2686";
"Lapa";"2018";"2600";
"Liberdade";"1995";"3455";
"Liberdade";"1996";"3300";
"Liberdade";"1997";"3154";
"Liberdade";"1998";"3007";
"Liberdade";"1999";"2865";
"Liberdade";"2000";"2724";
"Liberdade";"2001";"2712";
"Liberdade";"2002";"2698";
"Liberdade";"2003";"2678";
"Liberdade";"2004";"2658";
"Liberdade";"2005";"2636";
"Liberdade";"2006";"2614";
"Liberdade";"2007";"2593";
"Liberdade";"2008";"2568";
"Liberdade";"2009";"2544";
"Liberdade";"2010";"2518";
"Liberdade";"2011";"2704";
"Liberdade";"2012";"2899";
"Liberdade";"2013";"3100";
"Liberdade";"2014";"3312";
"Liberdade";"2015";"3530";
"Liberdade";"2016";"3412";
"Liberdade";"2017";"3292";
"Liberdade";"2018";"3166";
"Limão";"1995";"5869";
"Limão";"1996";"5716";
"Limão";"1997";"5562";
"Limão";"1998";"5410";
"Limão";"1999";"5253";
"Limão";"2000";"5088";
"Limão";"2001";"4954";
"Limão";"2002";"4823";
"Limão";"2003";"4684";
"Limão";"2004";"4553";
"Limão";"2005";"4423";
"Limão";"2006";"4291";
"Limão";"2007";"4159";
"Limão";"2008";"4029";
"Limão";"2009";"3900";
"Limão";"2010";"3782";
"Limão";"2011";"4005";
"Limão";"2012";"4234";
"Limão";"2013";"4474";
"Limão";"2014";"4718";
"Limão";"2015";"4970";
"Limão";"2016";"4812";
"Limão";"2017";"4652";
"Limão";"2018";"4489";
"Mandaqui";"1995";"6640";
"Mandaqui";"1996";"6512";
"Mandaqui";"1997";"6383";
"Mandaqui";"1998";"6252";
"Mandaqui";"1999";"6114";
"Mandaqui";"2000";"5968";
"Mandaqui";"2001";"5832";
"Mandaqui";"2002";"5686";
"Mandaqui";"2003";"5541";
"Mandaqui";"2004";"5397";
"Mandaqui";"2005";"5254";
"Mandaqui";"2006";"5108";
"Mandaqui";"2007";"4962";
"Mandaqui";"2008";"4822";
"Mandaqui";"2009";"4679";
"Mandaqui";"2010";"4538";
"Mandaqui";"2011";"4691";
"Mandaqui";"2012";"4846";
"Mandaqui";"2013";"5001";
"Mandaqui";"2014";"5162";
"Mandaqui";"2015";"5321";
"Mandaqui";"2016";"5189";
"Mandaqui";"2017";"5057";
"Mandaqui";"2018";"4923";
"Marsilac";"1995";"713";
"Marsilac";"1996";"734";
"Marsilac";"1997";"762";
"Marsilac";"1998";"787";
"Marsilac";"1999";"817";
"Marsilac";"2000";"842";
"Marsilac";"2001";"803";
"Marsilac";"2002";"761";
"Marsilac";"2003";"717";
"Marsilac";"2004";"680";
"Marsilac";"2005";"653";
"Marsilac";"2006";"616";
"Marsilac";"2007";"580";
"Marsilac";"2008";"549";
"Marsilac";"2009";"518";
"Marsilac";"2010";"492";
"Marsilac";"2011";"475";
"Marsilac";"2012";"458";
"Marsilac";"2013";"438";
"Marsilac";"2014";"423";
"Marsilac";"2015";"406";
"Marsilac";"2016";"413";
"Marsilac";"2017";"420";
"Marsilac";"2018";"424";
"Moema";"1995";"3118";
"Moema";"1996";"3014";
"Moema";"1997";"2912";
"Moema";"1998";"2808";
"Moema";"1999";"2702";
"Moema";"2000";"2597";
"Moema";"2001";"2648";
"Moema";"2002";"2701";
"Moema";"2003";"2755";
"Moema";"2004";"2804";
"Moema";"2005";"2850";
"Moema";"2006";"2901";
"Moema";"2007";"2950";
"Moema";"2008";"2991";
"Moema";"2009";"3040";
"Moema";"2010";"3079";
"Moema";"2011";"3138";
"Moema";"2012";"3197";
"Moema";"2013";"3254";
"Moema";"2014";"3306";
"Moema";"2015";"3351";
"Moema";"2016";"3269";
"Moema";"2017";"3186";
"Moema";"2018";"3100";
"Mooca";"1995";"3086";
"Mooca";"1996";"2974";
"Mooca";"1997";"2866";
"Mooca";"1998";"2761";
"Mooca";"1999";"2652";
"Mooca";"2000";"2549";
"Mooca";"2001";"2595";
"Mooca";"2002";"2640";
"Mooca";"2003";"2680";
"Mooca";"2004";"2723";
"Mooca";"2005";"2768";
"Mooca";"2006";"2811";
"Mooca";"2007";"2851";
"Mooca";"2008";"2893";
"Mooca";"2009";"2936";
"Mooca";"2010";"2968";
"Mooca";"2011";"3120";
"Mooca";"2012";"3278";
"Mooca";"2013";"3446";
"Mooca";"2014";"3613";
"Mooca";"2015";"3791";
"Mooca";"2016";"3685";
"Mooca";"2017";"3579";
"Mooca";"2018";"3470";
"Morumbi";"1995";"2037";
"Morumbi";"1996";"2002";
"Morumbi";"1997";"1966";
"Morumbi";"1998";"1931";
"Morumbi";"1999";"1893";
"Morumbi";"2000";"1853";
"Morumbi";"2001";"1890";
"Morumbi";"2002";"1921";
"Morumbi";"2003";"1952";
"Morumbi";"2004";"1980";
"Morumbi";"2005";"2006";
"Morumbi";"2006";"2025";
"Morumbi";"2007";"2038";
"Morumbi";"2008";"2047";
"Morumbi";"2009";"2060";
"Morumbi";"2010";"2060";
"Morumbi";"2011";"2235";
"Morumbi";"2012";"2418";
"Morumbi";"2013";"2616";
"Morumbi";"2014";"2823";
"Morumbi";"2015";"3042";
"Morumbi";"2016";"2956";
"Morumbi";"2017";"2868";
"Morumbi";"2018";"2777";
"Parelheiros";"1995";"7103";
"Parelheiros";"1996";"7619";
"Parelheiros";"1997";"8168";
"Parelheiros";"1998";"8759";
"Parelheiros";"1999";"9378";
"Parelheiros";"2000";"10021";
"Parelheiros";"2001";"9905";
"Parelheiros";"2002";"9753";
"Parelheiros";"2003";"9597";
"Parelheiros";"2004";"9427";
"Parelheiros";"2005";"9255";
"Parelheiros";"2006";"9073";
"Parelheiros";"2007";"8876";
"Parelheiros";"2008";"8665";
"Parelheiros";"2009";"8460";
"Parelheiros";"2010";"8234";
"Parelheiros";"2011";"8661";
"Parelheiros";"2012";"9096";
"Parelheiros";"2013";"9540";
"Parelheiros";"2014";"9994";
"Parelheiros";"2015";"10452";
"Parelheiros";"2016";"10390";
"Parelheiros";"2017";"10320";
"Parelheiros";"2018";"10242";
"Pari";"1995";"972";
"Pari";"1996";"927";
"Pari";"1997";"887";
"Pari";"1998";"844";
"Pari";"1999";"802";
"Pari";"2000";"761";
"Pari";"2001";"763";
"Pari";"2002";"780";
"Pari";"2003";"782";
"Pari";"2004";"794";
"Pari";"2005";"817";
"Pari";"2006";"820";
"Pari";"2007";"831";
"Pari";"2008";"836";
"Pari";"2009";"854";
"Pari";"2010";"857";
"Pari";"2011";"936";
"Pari";"2012";"1023";
"Pari";"2013";"1114";
"Pari";"2014";"1210";
"Pari";"2015";"1314";
"Pari";"2016";"1276";
"Pari";"2017";"1236";
"Pari";"2018";"1192";
"Parque do Carmo";"1995";"5052";
"Parque do Carmo";"1996";"5045";
"Parque do Carmo";"1997";"5038";
"Parque do Carmo";"1998";"5024";
"Parque do Carmo";"1999";"5006";
"Parque do Carmo";"2000";"4975";
"Parque do Carmo";"2001";"4868";
"Parque do Carmo";"2002";"4758";
"Parque do Carmo";"2003";"4642";
"Parque do Carmo";"2004";"4526";
"Parque do Carmo";"2005";"4411";
"Parque do Carmo";"2006";"4293";
"Parque do Carmo";"2007";"4174";
"Parque do Carmo";"2008";"4056";
"Parque do Carmo";"2009";"3938";
"Parque do Carmo";"2010";"3822";
"Parque do Carmo";"2011";"3930";
"Parque do Carmo";"2012";"4033";
"Parque do Carmo";"2013";"4135";
"Parque do Carmo";"2014";"4236";
"Parque do Carmo";"2015";"4333";
"Parque do Carmo";"2016";"4230";
"Parque do Carmo";"2017";"4130";
"Parque do Carmo";"2018";"4029";
"Pedreira";"1995";"8930";3537107
"Pedreira";"1996";"9324";3537107
"Pedreira";"1997";"9727";3537107
"Pedreira";"1998";"10134";3537107
"Pedreira";"1999";"10554";3537107
"Pedreira";"2000";"10975";3537107
"Pedreira";"2001";"10775";3537107
"Pedreira";"2002";"10563";3537107
"Pedreira";"2003";"10342";3537107
"Pedreira";"2004";"10119";3537107
"Pedreira";"2005";"9895";3537107
"Pedreira";"2006";"9671";3537107
"Pedreira";"2007";"9439";3537107
"Pedreira";"2008";"9208";3537107
"Pedreira";"2009";"8978";3537107
"Pedreira";"2010";"8750";3537107
"Pedreira";"2011";"8820";3537107
"Pedreira";"2012";"8885";3537107
"Pedreira";"2013";"8943";3537107
"Pedreira";"2014";"8995";3537107
"Pedreira";"2015";"9045";3537107
"Pedreira";"2016";"8987";3537107
"Pedreira";"2017";"8928";3537107
"Pedreira";"2018";"8863";3537107
"Penha";"1995";"7431";
"Penha";"1996";"7272";
"Penha";"1997";"7119";
"Penha";"1998";"6959";
"Penha";"1999";"6798";
"Penha";"2000";"6624";
"Penha";"2001";"6499";
"Penha";"2002";"6369";
"Penha";"2003";"6244";
"Penha";"2004";"6110";
"Penha";"2005";"5983";
"Penha";"2006";"5852";
"Penha";"2007";"5723";
"Penha";"2008";"5597";
"Penha";"2009";"5468";
"Penha";"2010";"5345";
"Penha";"2011";"5557";
"Penha";"2012";"5770";
"Penha";"2013";"5991";
"Penha";"2014";"6216";
"Penha";"2015";"6441";
"Penha";"2016";"6264";
"Penha";"2017";"6084";
"Penha";"2018";"5904";
"Perdizes";"1995";"4399";
"Perdizes";"1996";"4261";
"Perdizes";"1997";"4123";
"Perdizes";"1998";"3984";
"Perdizes";"1999";"3843";
"Perdizes";"2000";"3701";
"Perdizes";"2001";"3718";
"Perdizes";"2002";"3737";
"Perdizes";"2003";"3748";
"Perdizes";"2004";"3760";
"Perdizes";"2005";"3772";
"Perdizes";"2006";"3778";
"Perdizes";"2007";"3784";
"Perdizes";"2008";"3789";
"Perdizes";"2009";"3786";
"Perdizes";"2010";"3783";
"Perdizes";"2011";"3899";
"Perdizes";"2012";"4010";
"Perdizes";"2013";"4122";
"Perdizes";"2014";"4229";
"Perdizes";"2015";"4336";
"Perdizes";"2016";"4255";
"Perdizes";"2017";"4170";
"Perdizes";"2018";"4081";
"Perus";"1995";"4869";
"Perus";"1996";"5131";
"Perus";"1997";"5403";
"Perus";"1998";"5689";
"Perus";"1999";"5979";
"Perus";"2000";"6279";
"Perus";"2001";"6143";
"Perus";"2002";"5998";
"Perus";"2003";"5848";
"Perus";"2004";"5699";
"Perus";"2005";"5557";
"Perus";"2006";"5408";
"Perus";"2007";"5255";
"Perus";"2008";"5109";
"Perus";"2009";"4961";
"Perus";"2010";"4810";
"Perus";"2011";"5050";
"Perus";"2012";"5294";
"Perus";"2013";"5545";
"Perus";"2014";"5802";
"Perus";"2015";"6065";
"Perus";"2016";"5976";
"Perus";"2017";"5885";
"Perus";"2018";"5789";
"Pinheiros";"1995";"2697";
"Pinheiros";"1996";"2571";
"Pinheiros";"1997";"2448";
"Pinheiros";"1998";"2331";
"Pinheiros";"1999";"2214";
"Pinheiros";"2000";"2102";
"Pinheiros";"2001";"2107";
"Pinheiros";"2002";"2105";
"Pinheiros";"2003";"2111";
"Pinheiros";"2004";"2118";
"Pinheiros";"2005";"2115";
"Pinheiros";"2006";"2115";
"Pinheiros";"2007";"2113";
"Pinheiros";"2008";"2112";
"Pinheiros";"2009";"2113";
"Pinheiros";"2010";"2113";
"Pinheiros";"2011";"2209";
"Pinheiros";"2012";"2308";
"Pinheiros";"2013";"2408";
"Pinheiros";"2014";"2504";
"Pinheiros";"2015";"2604";
"Pinheiros";"2016";"2531";
"Pinheiros";"2017";"2445";
"Pinheiros";"2018";"2365";
"Pirituba";"1995";"10988";
"Pirituba";"1996";"10891";
"Pirituba";"1997";"10784";
"Pirituba";"1998";"10669";
"Pirituba";"1999";"10542";
"Pirituba";"2000";"10396";
"Pirituba";"2001";"10184";
"Pirituba";"2002";"9961";
"Pirituba";"2003";"9739";
"Pirituba";"2004";"9518";
"Pirituba";"2005";"9298";
"Pirituba";"2006";"9077";
"Pirituba";"2007";"8848";
"Pirituba";"2008";"8617";
"Pirituba";"2009";"8393";
"Pirituba";"2010";"8173";
"Pirituba";"2011";"8408";
"Pirituba";"2012";"8643";
"Pirituba";"2013";"8882";
"Pirituba";"2014";"9116";
"Pirituba";"2015";"9357";
"Pirituba";"2016";"9118";
"Pirituba";"2017";"8880";
"Pirituba";"2018";"8640";
"Ponte Rasa";"1995";"7020";
"Ponte Rasa";"1996";"6851";
"Ponte Rasa";"1997";"6682";
"Ponte Rasa";"1998";"6510";
"Ponte Rasa";"1999";"6331";
"Ponte Rasa";"2000";"6148";
"Ponte Rasa";"2001";"5974";
"Ponte Rasa";"2002";"5797";
"Ponte Rasa";"2003";"5618";
"Ponte Rasa";"2004";"5443";
"Ponte Rasa";"2005";"5268";
"Ponte Rasa";"2006";"5097";
"Ponte Rasa";"2007";"4928";
"Ponte Rasa";"2008";"4758";
"Ponte Rasa";"2009";"4590";
"Ponte Rasa";"2010";"4433";
"Ponte Rasa";"2011";"4487";
"Ponte Rasa";"2012";"4541";
"Ponte Rasa";"2013";"4592";
"Ponte Rasa";"2014";"4644";
"Ponte Rasa";"2015";"4690";
"Ponte Rasa";"2016";"4566";
"Ponte Rasa";"2017";"4443";
"Ponte Rasa";"2018";"4322";
"Raposo Tavares";"1995";"6952";
"Raposo Tavares";"1996";"6963";
"Raposo Tavares";"1997";"6966";
"Raposo Tavares";"1998";"6968";
"Raposo Tavares";"1999";"6955";
"Raposo Tavares";"2000";"6930";
"Raposo Tavares";"2001";"6799";
"Raposo Tavares";"2002";"6653";
"Raposo Tavares";"2003";"6512";
"Raposo Tavares";"2004";"6367";
"Raposo Tavares";"2005";"6222";
"Raposo Tavares";"2006";"6079";
"Raposo Tavares";"2007";"5932";
"Raposo Tavares";"2008";"5789";
"Raposo Tavares";"2009";"5640";
"Raposo Tavares";"2010";"5499";
"Raposo Tavares";"2011";"5814";
"Raposo Tavares";"2012";"6133";
"Raposo Tavares";"2013";"6461";
"Raposo Tavares";"2014";"6793";
"Raposo Tavares";"2015";"7134";
"Raposo Tavares";"2016";"6926";
"Raposo Tavares";"2017";"6713";
"Raposo Tavares";"2018";"6500";
"República";"1995";"2428";
"República";"1996";"2359";
"República";"1997";"2289";
"República";"1998";"2220";
"República";"1999";"2152";
"República";"2000";"2082";
"República";"2001";"2078";
"República";"2002";"2067";
"República";"2003";"2055";
"República";"2004";"2042";
"República";"2005";"2026";
"República";"2006";"2015";
"República";"2007";"1995";
"República";"2008";"1981";
"República";"2009";"1965";
"República";"2010";"1947";
"República";"2011";"2153";
"República";"2012";"2374";
"República";"2013";"2614";
"República";"2014";"2866";
"República";"2015";"3137";
"República";"2016";"3034";
"República";"2017";"2920";
"República";"2018";"2796";
"Rio Pequeno";"1995";"7855";
"Rio Pequeno";"1996";"7860";
"Rio Pequeno";"1997";"7860";
"Rio Pequeno";"1998";"7855";
"Rio Pequeno";"1999";"7836";
"Rio Pequeno";"2000";"7805";
"Rio Pequeno";"2001";"7611";
"Rio Pequeno";"2002";"7410";
"Rio Pequeno";"2003";"7203";
"Rio Pequeno";"2004";"7004";
"Rio Pequeno";"2005";"6806";
"Rio Pequeno";"2006";"6598";
"Rio Pequeno";"2007";"6394";
"Rio Pequeno";"2008";"6198";
"Rio Pequeno";"2009";"5999";
"Rio Pequeno";"2010";"5812";
"Rio Pequeno";"2011";"6323";
"Rio Pequeno";"2012";"6868";
"Rio Pequeno";"2013";"7439";
"Rio Pequeno";"2014";"8040";
"Rio Pequeno";"2015";"8674";
"Rio Pequeno";"2016";"8351";
"Rio Pequeno";"2017";"8021";
"Rio Pequeno";"2018";"7679";
"Sacomã";"1995";"15703";
"Sacomã";"1996";"15620";
"Sacomã";"1997";"15528";
"Sacomã";"1998";"15424";
"Sacomã";"1999";"15302";
"Sacomã";"2000";"15154";
"Sacomã";"2001";"14917";
"Sacomã";"2002";"14666";
"Sacomã";"2003";"14408";
"Sacomã";"2004";"14149";
"Sacomã";"2005";"13885";
"Sacomã";"2006";"13625";
"Sacomã";"2007";"13357";
"Sacomã";"2008";"13088";
"Sacomã";"2009";"12814";
"Sacomã";"2010";"12539";
"Sacomã";"2011";"12773";
"Sacomã";"2012";"13002";
"Sacomã";"2013";"13223";
"Sacomã";"2014";"13442";
"Sacomã";"2015";"13654";
"Sacomã";"2016";"13392";
"Sacomã";"2017";"13132";
"Sacomã";"2018";"12869";
"Santa Cecília";"1995";"3463";
"Santa Cecília";"1996";"3377";
"Santa Cecília";"1997";"3292";
"Santa Cecília";"1998";"3202";
"Santa Cecília";"1999";"3116";
"Santa Cecília";"2000";"3025";
"Santa Cecília";"2001";"3022";
"Santa Cecília";"2002";"3011";
"Santa Cecília";"2003";"3000";
"Santa Cecília";"2004";"2992";
"Santa Cecília";"2005";"2977";
"Santa Cecília";"2006";"2960";
"Santa Cecília";"2007";"2942";
"Santa Cecília";"2008";"2922";
"Santa Cecília";"2009";"2901";
"Santa Cecília";"2010";"2876";
"Santa Cecília";"2011";"3109";
"Santa Cecília";"2012";"3357";
"Santa Cecília";"2013";"3619";
"Santa Cecília";"2014";"3897";
"Santa Cecília";"2015";"4186";
"Santa Cecília";"2016";"4075";
"Santa Cecília";"2017";"3956";
"Santa Cecília";"2018";"3831";
"Santana";"1995";"6037";
"Santana";"1996";"5826";
"Santana";"1997";"5618";
"Santana";"1998";"5412";
"Santana";"1999";"5204";
"Santana";"2000";"4997";
"Santana";"2001";"4907";
"Santana";"2002";"4814";
"Santana";"2003";"4717";
"Santana";"2004";"4620";
"Santana";"2005";"4522";
"Santana";"2006";"4418";
"Santana";"2007";"4315";
"Santana";"2008";"4214";
"Santana";"2009";"4115";
"Santana";"2010";"4017";
"Santana";"2011";"4251";
"Santana";"2012";"4495";
"Santana";"2013";"4747";
"Santana";"2014";"5007";
"Santana";"2015";"5279";
"Santana";"2016";"5108";
"Santana";"2017";"4932";
"Santana";"2018";"4754";
"Santo Amaro";"1995";"2611";
"Santo Amaro";"1996";"2493";
"Santo Amaro";"1997";"2378";
"Santo Amaro";"1998";"2265";
"Santo Amaro";"1999";"2154";
"Santo Amaro";"2000";"2047";
"Santo Amaro";"2001";"2108";
"Santo Amaro";"2002";"2167";
"Santo Amaro";"2003";"2228";
"Santo Amaro";"2004";"2291";
"Santo Amaro";"2005";"2351";
"Santo Amaro";"2006";"2412";
"Santo Amaro";"2007";"2474";
"Santo Amaro";"2008";"2532";
"Santo Amaro";"2009";"2591";
"Santo Amaro";"2010";"2645";
"Santo Amaro";"2011";"2729";
"Santo Amaro";"2012";"2814";
"Santo Amaro";"2013";"2901";
"Santo Amaro";"2014";"2984";
"Santo Amaro";"2015";"3077";
"Santo Amaro";"2016";"2981";
"Santo Amaro";"2017";"2894";
"Santo Amaro";"2018";"2801";
"São Domingos";"1995";"5114";
"São Domingos";"1996";"5184";
"São Domingos";"1997";"5249";
"São Domingos";"1998";"5314";
"São Domingos";"1999";"5372";
"São Domingos";"2000";"5422";
"São Domingos";"2001";"5297";
"São Domingos";"2002";"5172";
"São Domingos";"2003";"5044";
"São Domingos";"2004";"4919";
"São Domingos";"2005";"4795";
"São Domingos";"2006";"4673";
"São Domingos";"2007";"4549";
"São Domingos";"2008";"4427";
"São Domingos";"2009";"4304";
"São Domingos";"2010";"4188";
"São Domingos";"2011";"4241";
"São Domingos";"2012";"4291";
"São Domingos";"2013";"4342";
"São Domingos";"2014";"4391";
"São Domingos";"2015";"4437";
"São Domingos";"2016";"4338";
"São Domingos";"2017";"4240";
"São Domingos";"2018";"4140";
"São Lucas";"1995";"9391";
"São Lucas";"1996";"9094";
"São Lucas";"1997";"8800";
"São Lucas";"1998";"8510";
"São Lucas";"1999";"8214";
"São Lucas";"2000";"7917";
"São Lucas";"2001";"7786";
"São Lucas";"2002";"7652";
"São Lucas";"2003";"7513";
"São Lucas";"2004";"7374";
"São Lucas";"2005";"7239";
"São Lucas";"2006";"7104";
"São Lucas";"2007";"6961";
"São Lucas";"2008";"6819";
"São Lucas";"2009";"6672";
"São Lucas";"2010";"6527";
"São Lucas";"2011";"6543";
"São Lucas";"2012";"6559";
"São Lucas";"2013";"6569";
"São Lucas";"2014";"6576";
"São Lucas";"2015";"6579";
"São Lucas";"2016";"6478";
"São Lucas";"2017";"6375";
"São Lucas";"2018";"6273";
"São Mateus";"1995";"12236";
"São Mateus";"1996";"12070";
"São Mateus";"1997";"11897";
"São Mateus";"1998";"11715";
"São Mateus";"1999";"11522";
"São Mateus";"2000";"11308";
"São Mateus";"2001";"10972";
"São Mateus";"2002";"10639";
"São Mateus";"2003";"10302";
"São Mateus";"2004";"9968";
"São Mateus";"2005";"9634";
"São Mateus";"2006";"9304";
"São Mateus";"2007";"8977";
"São Mateus";"2008";"8646";
"São Mateus";"2009";"8323";
"São Mateus";"2010";"8022";
"São Mateus";"2011";"8287";
"São Mateus";"2012";"8553";
"São Mateus";"2013";"8821";
"São Mateus";"2014";"9084";
"São Mateus";"2015";"9353";
"São Mateus";"2016";"9100";
"São Mateus";"2017";"8849";
"São Mateus";"2018";"8595";
"São Miguel";"1995";"7892";
"São Miguel";"1996";"7770";
"São Miguel";"1997";"7648";
"São Miguel";"1998";"7521";
"São Miguel";"1999";"7383";
"São Miguel";"2000";"7237";
"São Miguel";"2001";"6971";
"São Miguel";"2002";"6705";
"São Miguel";"2003";"6430";
"São Miguel";"2004";"6164";
"São Miguel";"2005";"5903";
"São Miguel";"2006";"5652";
"São Miguel";"2007";"5402";
"São Miguel";"2008";"5154";
"São Miguel";"2009";"4914";
"São Miguel";"2010";"4698";
"São Miguel";"2011";"5008";
"São Miguel";"2012";"5331";
"São Miguel";"2013";"5668";
"São Miguel";"2014";"6018";
"São Miguel";"2015";"6381";
"São Miguel";"2016";"6168";
"São Miguel";"2017";"5949";
"São Miguel";"2018";"5725";
"São Rafael";"1995";"9138";
"São Rafael";"1996";"9520";
"São Rafael";"1997";"9913";
"São Rafael";"1998";"10317";
"São Rafael";"1999";"10721";
"São Rafael";"2000";"11133";
"São Rafael";"2001";"10895";
"São Rafael";"2002";"10652";
"São Rafael";"2003";"10409";
"São Rafael";"2004";"10169";
"São Rafael";"2005";"9939";
"São Rafael";"2006";"9704";
"São Rafael";"2007";"9464";
"São Rafael";"2008";"9229";
"São Rafael";"2009";"8995";
"São Rafael";"2010";"8752";
"São Rafael";"2011";"8811";
"São Rafael";"2012";"8864";
"São Rafael";"2013";"8910";
"São Rafael";"2014";"8945";
"São Rafael";"2015";"8977";
"São Rafael";"2016";"8935";
"São Rafael";"2017";"8890";
"São Rafael";"2018";"8845";
"Sapopemba";"1995";"21588";
"Sapopemba";"1996";"21526";
"Sapopemba";"1997";"21425";
"Sapopemba";"1998";"21339";
"Sapopemba";"1999";"21230";
"Sapopemba";"2000";"21079";
"Sapopemba";"2001";"20466";
"Sapopemba";"2002";"19854";
"Sapopemba";"2003";"19247";
"Sapopemba";"2004";"18648";
"Sapopemba";"2005";"18061";
"Sapopemba";"2006";"17481";
"Sapopemba";"2007";"16898";
"Sapopemba";"2008";"16327";
"Sapopemba";"2009";"15768";
"Sapopemba";"2010";"15246";
"Sapopemba";"2011";"15636";
"Sapopemba";"2012";"16020";
"Sapopemba";"2013";"16404";
"Sapopemba";"2014";"16784";
"Sapopemba";"2015";"17154";
"Sapopemba";"2016";"16768";
"Sapopemba";"2017";"16380";
"Sapopemba";"2018";"15991";
"Saúde";"1995";"5663";
"Saúde";"1996";"5439";
"Saúde";"1997";"5216";
"Saúde";"1998";"4999";
"Saúde";"1999";"4787";
"Saúde";"2000";"4569";
"Saúde";"2001";"4576";
"Saúde";"2002";"4586";
"Saúde";"2003";"4588";
"Saúde";"2004";"4596";
"Saúde";"2005";"4597";
"Saúde";"2006";"4590";
"Saúde";"2007";"4581";
"Saúde";"2008";"4570";
"Saúde";"2009";"4555";
"Saúde";"2010";"4538";
"Saúde";"2011";"4745";
"Saúde";"2012";"4956";
"Saúde";"2013";"5172";
"Saúde";"2014";"5391";
"Saúde";"2015";"5610";
"Saúde";"2016";"5429";
"Saúde";"2017";"5242";
"Saúde";"2018";"5054";
"Sé";"1995";"1511";
"Sé";"1996";"1448";
"Sé";"1997";"1384";
"Sé";"1998";"1321";
"Sé";"1999";"1263";
"Sé";"2000";"1204";
"Sé";"2001";"1171";
"Sé";"2002";"1149";
"Sé";"2003";"1115";
"Sé";"2004";"1083";
"Sé";"2005";"1060";
"Sé";"2006";"1031";
"Sé";"2007";"1004";
"Sé";"2008";"979";
"Sé";"2009";"950";
"Sé";"2010";"922";
"Sé";"2011";"1103";
"Sé";"2012";"1305";
"Sé";"2013";"1538";
"Sé";"2014";"1798";
"Sé";"2015";"2088";
"Sé";"2016";"1995";
"Sé";"2017";"1892";
"Sé";"2018";"1784";
"Socorro";"1995";"2114";3552106
"Socorro";"1996";"2029";3552106
"Socorro";"1997";"1947";3552106
"Socorro";"1998";"1870";3552106
"Socorro";"1999";"1788";3552106
"Socorro";"2000";"1708";3552106
"Socorro";"2001";"1673";3552106
"Socorro";"2002";"1641";3552106
"Socorro";"2003";"1610";3552106
"Socorro";"2004";"1576";3552106
"Socorro";"2005";"1541";3552106
"Socorro";"2006";"1505";3552106
"Socorro";"2007";"1473";3552106
"Socorro";"2008";"1439";3552106
"Socorro";"2009";"1399";3552106
"Socorro";"2010";"1363";3552106
"Socorro";"2011";"1447";3552106
"Socorro";"2012";"1528";3552106
"Socorro";"2013";"1614";3552106
"Socorro";"2014";"1702";3552106
"Socorro";"2015";"1792";3552106
"Socorro";"2016";"1722";3552106
"Socorro";"2017";"1655";3552106
"Socorro";"2018";"1588";3552106
"Tatuapé";"1995";"3786";
"Tatuapé";"1996";"3698";
"Tatuapé";"1997";"3608";
"Tatuapé";"1998";"3517";
"Tatuapé";"1999";"3425";
"Tatuapé";"2000";"3327";
"Tatuapé";"2001";"3319";
"Tatuapé";"2002";"3309";
"Tatuapé";"2003";"3300";
"Tatuapé";"2004";"3291";
"Tatuapé";"2005";"3274";
"Tatuapé";"2006";"3254";
"Tatuapé";"2007";"3234";
"Tatuapé";"2008";"3214";
"Tatuapé";"2009";"3195";
"Tatuapé";"2010";"3164";
"Tatuapé";"2011";"3326";
"Tatuapé";"2012";"3493";
"Tatuapé";"2013";"3661";
"Tatuapé";"2014";"3837";
"Tatuapé";"2015";"4015";
"Tatuapé";"2016";"3915";
"Tatuapé";"2017";"3814";
"Tatuapé";"2018";"3713";
"Tremembé";"1995";"10803";3554805
"Tremembé";"1996";"11176";3554805
"Tremembé";"1997";"11551";3554805
"Tremembé";"1998";"11935";3554805
"Tremembé";"1999";"12319";3554805
"Tremembé";"2000";"12691";3554805
"Tremembé";"2001";"12508";3554805
"Tremembé";"2002";"12312";3554805
"Tremembé";"2003";"12114";3554805
"Tremembé";"2004";"11915";3554805
"Tremembé";"2005";"11705";3554805
"Tremembé";"2006";"11490";3554805
"Tremembé";"2007";"11274";3554805
"Tremembé";"2008";"11047";3554805
"Tremembé";"2009";"10818";3554805
"Tremembé";"2010";"10589";3554805
"Tremembé";"2011";"11134";3554805
"Tremembé";"2012";"11696";3554805
"Tremembé";"2013";"12275";3554805
"Tremembé";"2014";"12873";3554805
"Tremembé";"2015";"13486";3554805
"Tremembé";"2016";"13317";3554805
"Tremembé";"2017";"13139";3554805
"Tremembé";"2018";"12955";3554805
"Tucuruvi";"1995";"5641";
"Tucuruvi";"1996";"5421";
"Tucuruvi";"1997";"5204";
"Tucuruvi";"1998";"4990";
"Tucuruvi";"1999";"4780";
"Tucuruvi";"2000";"4567";
"Tucuruvi";"2001";"4478";
"Tucuruvi";"2002";"4386";
"Tucuruvi";"2003";"4292";
"Tucuruvi";"2004";"4198";
"Tucuruvi";"2005";"4098";
"Tucuruvi";"2006";"4007";
"Tucuruvi";"2007";"3909";
"Tucuruvi";"2008";"3816";
"Tucuruvi";"2009";"3721";
"Tucuruvi";"2010";"3632";
"Tucuruvi";"2011";"3751";
"Tucuruvi";"2012";"3873";
"Tucuruvi";"2013";"3995";
"Tucuruvi";"2014";"4122";
"Tucuruvi";"2015";"4243";
"Tucuruvi";"2016";"4131";
"Tucuruvi";"2017";"4020";
"Tucuruvi";"2018";"3908";
"Vila Andrade";"1995";"4872";
"Vila Andrade";"1996";"5170";
"Vila Andrade";"1997";"5492";
"Vila Andrade";"1998";"5829";
"Vila Andrade";"1999";"6178";
"Vila Andrade";"2000";"6549";
"Vila Andrade";"2001";"6810";
"Vila Andrade";"2002";"7046";
"Vila Andrade";"2003";"7253";
"Vila Andrade";"2004";"7437";
"Vila Andrade";"2005";"7601";
"Vila Andrade";"2006";"7740";
"Vila Andrade";"2007";"7859";
"Vila Andrade";"2008";"7962";
"Vila Andrade";"2009";"8046";
"Vila Andrade";"2010";"8072";
"Vila Andrade";"2011";"8129";
"Vila Andrade";"2012";"8185";
"Vila Andrade";"2013";"8230";
"Vila Andrade";"2014";"8267";
"Vila Andrade";"2015";"8302";
"Vila Andrade";"2016";"8349";
"Vila Andrade";"2017";"8400";
"Vila Andrade";"2018";"8444";
"Vila Curuçá";"1995";"12128";
"Vila Curuçá";"1996";"12232";
"Vila Curuçá";"1997";"12327";
"Vila Curuçá";"1998";"12422";
"Vila Curuçá";"1999";"12493";
"Vila Curuçá";"2000";"12556";
"Vila Curuçá";"2001";"12127";
"Vila Curuçá";"2002";"11674";
"Vila Curuçá";"2003";"11231";
"Vila Curuçá";"2004";"10800";
"Vila Curuçá";"2005";"10374";
"Vila Curuçá";"2006";"9949";
"Vila Curuçá";"2007";"9538";
"Vila Curuçá";"2008";"9135";
"Vila Curuçá";"2009";"8745";
"Vila Curuçá";"2010";"8374";
"Vila Curuçá";"2011";"8516";
"Vila Curuçá";"2012";"8652";
"Vila Curuçá";"2013";"8780";
"Vila Curuçá";"2014";"8903";
"Vila Curuçá";"2015";"9023";
"Vila Curuçá";"2016";"8899";
"Vila Curuçá";"2017";"8772";
"Vila Curuçá";"2018";"8647";
"Vila Formosa";"1995";"5692";
"Vila Formosa";"1996";"5537";
"Vila Formosa";"1997";"5382";
"Vila Formosa";"1998";"5230";
"Vila Formosa";"1999";"5072";
"Vila Formosa";"2000";"4910";
"Vila Formosa";"2001";"4806";
"Vila Formosa";"2002";"4696";
"Vila Formosa";"2003";"4594";
"Vila Formosa";"2004";"4489";
"Vila Formosa";"2005";"4384";
"Vila Formosa";"2006";"4279";
"Vila Formosa";"2007";"4173";
"Vila Formosa";"2008";"4070";
"Vila Formosa";"2009";"3967";
"Vila Formosa";"2010";"3869";
"Vila Formosa";"2011";"3949";
"Vila Formosa";"2012";"4027";
"Vila Formosa";"2013";"4106";
"Vila Formosa";"2014";"4183";
"Vila Formosa";"2015";"4260";
"Vila Formosa";"2016";"4179";
"Vila Formosa";"2017";"4098";
"Vila Formosa";"2018";"4015";
"Vila Guilherme";"1995";"3057";
"Vila Guilherme";"1996";"2909";
"Vila Guilherme";"1997";"2767";
"Vila Guilherme";"1998";"2628";
"Vila Guilherme";"1999";"2495";
"Vila Guilherme";"2000";"2361";
"Vila Guilherme";"2001";"2359";
"Vila Guilherme";"2002";"2355";
"Vila Guilherme";"2003";"2351";
"Vila Guilherme";"2004";"2344";
"Vila Guilherme";"2005";"2343";
"Vila Guilherme";"2006";"2335";
"Vila Guilherme";"2007";"2330";
"Vila Guilherme";"2008";"2322";
"Vila Guilherme";"2009";"2314";
"Vila Guilherme";"2010";"2304";
"Vila Guilherme";"2011";"2489";
"Vila Guilherme";"2012";"2686";
"Vila Guilherme";"2013";"2892";
"Vila Guilherme";"2014";"3109";
"Vila Guilherme";"2015";"3336";
"Vila Guilherme";"2016";"3216";
"Vila Guilherme";"2017";"3099";
"Vila Guilherme";"2018";"2974";
"Vila Jacuí";"1995";"10536";
"Vila Jacuí";"1996";"10856";
"Vila Jacuí";"1997";"11187";
"Vila Jacuí";"1998";"11514";
"Vila Jacuí";"1999";"11841";
"Vila Jacuí";"2000";"12153";
"Vila Jacuí";"2001";"11758";
"Vila Jacuí";"2002";"11350";
"Vila Jacuí";"2003";"10939";
"Vila Jacuí";"2004";"10540";
"Vila Jacuí";"2005";"10149";
"Vila Jacuí";"2006";"9765";
"Vila Jacuí";"2007";"9382";
"Vila Jacuí";"2008";"9011";
"Vila Jacuí";"2009";"8649";
"Vila Jacuí";"2010";"8315";
"Vila Jacuí";"2011";"8150";
"Vila Jacuí";"2012";"7988";
"Vila Jacuí";"2013";"7816";
"Vila Jacuí";"2014";"7644";
"Vila Jacuí";"2015";"7472";
"Vila Jacuí";"2016";"7443";
"Vila Jacuí";"2017";"7412";
"Vila Jacuí";"2018";"7378";
"Vila Leopoldina";"1995";"1482";
"Vila Leopoldina";"1996";"1452";
"Vila Leopoldina";"1997";"1423";
"Vila Leopoldina";"1998";"1389";
"Vila Leopoldina";"1999";"1360";
"Vila Leopoldina";"2000";"1323";
"Vila Leopoldina";"2001";"1383";
"Vila Leopoldina";"2002";"1440";
"Vila Leopoldina";"2003";"1500";
"Vila Leopoldina";"2004";"1560";
"Vila Leopoldina";"2005";"1617";
"Vila Leopoldina";"2006";"1675";
"Vila Leopoldina";"2007";"1736";
"Vila Leopoldina";"2008";"1793";
"Vila Leopoldina";"2009";"1850";
"Vila Leopoldina";"2010";"1895";
"Vila Leopoldina";"2011";"1915";
"Vila Leopoldina";"2012";"1934";
"Vila Leopoldina";"2013";"1952";
"Vila Leopoldina";"2014";"1968";
"Vila Leopoldina";"2015";"1984";
"Vila Leopoldina";"2016";"1938";
"Vila Leopoldina";"2017";"1891";
"Vila Leopoldina";"2018";"1844";
"Vila Maria";"1995";"8436";
"Vila Maria";"1996";"8315";
"Vila Maria";"1997";"8191";
"Vila Maria";"1998";"8063";
"Vila Maria";"1999";"7931";
"Vila Maria";"2000";"7785";
"Vila Maria";"2001";"7577";
"Vila Maria";"2002";"7372";
"Vila Maria";"2003";"7164";
"Vila Maria";"2004";"6954";
"Vila Maria";"2005";"6756";
"Vila Maria";"2006";"6557";
"Vila Maria";"2007";"6349";
"Vila Maria";"2008";"6155";
"Vila Maria";"2009";"5969";
"Vila Maria";"2010";"5787";
"Vila Maria";"2011";"6072";
"Vila Maria";"2012";"6366";
"Vila Maria";"2013";"6662";
"Vila Maria";"2014";"6964";
"Vila Maria";"2015";"7271";
"Vila Maria";"2016";"7054";
"Vila Maria";"2017";"6834";
"Vila Maria";"2018";"6613";
"Vila Mariana";"1995";"5236";
"Vila Mariana";"1996";"5045";
"Vila Mariana";"1997";"4861";
"Vila Mariana";"1998";"4676";
"Vila Mariana";"1999";"4490";
"Vila Mariana";"2000";"4306";
"Vila Mariana";"2001";"4279";
"Vila Mariana";"2002";"4253";
"Vila Mariana";"2003";"4222";
"Vila Mariana";"2004";"4191";
"Vila Mariana";"2005";"4157";
"Vila Mariana";"2006";"4124";
"Vila Mariana";"2007";"4086";
"Vila Mariana";"2008";"4043";
"Vila Mariana";"2009";"3998";
"Vila Mariana";"2010";"3954";
"Vila Mariana";"2011";"4196";
"Vila Mariana";"2012";"4446";
"Vila Mariana";"2013";"4700";
"Vila Mariana";"2014";"4958";
"Vila Mariana";"2015";"5220";
"Vila Mariana";"2016";"5109";
"Vila Mariana";"2017";"4987";
"Vila Mariana";"2018";"4855";
"Vila Matilde";"1995";"6586";
"Vila Matilde";"1996";"6420";
"Vila Matilde";"1997";"6249";
"Vila Matilde";"1998";"6083";
"Vila Matilde";"1999";"5909";
"Vila Matilde";"2000";"5736";
"Vila Matilde";"2001";"5634";
"Vila Matilde";"2002";"5525";
"Vila Matilde";"2003";"5419";
"Vila Matilde";"2004";"5308";
"Vila Matilde";"2005";"5201";
"Vila Matilde";"2006";"5092";
"Vila Matilde";"2007";"4984";
"Vila Matilde";"2008";"4874";
"Vila Matilde";"2009";"4763";
"Vila Matilde";"2010";"4655";
"Vila Matilde";"2011";"4742";
"Vila Matilde";"2012";"4827";
"Vila Matilde";"2013";"4912";
"Vila Matilde";"2014";"4997";
"Vila Matilde";"2015";"5080";
"Vila Matilde";"2016";"4968";
"Vila Matilde";"2017";"4855";
"Vila Matilde";"2018";"4743";
"Vila Medeiros";"1995";"9984";
"Vila Medeiros";"1996";"9703";
"Vila Medeiros";"1997";"9424";
"Vila Medeiros";"1998";"9143";
"Vila Medeiros";"1999";"8861";
"Vila Medeiros";"2000";"8566";
"Vila Medeiros";"2001";"8324";
"Vila Medeiros";"2002";"8081";
"Vila Medeiros";"2003";"7834";
"Vila Medeiros";"2004";"7592";
"Vila Medeiros";"2005";"7352";
"Vila Medeiros";"2006";"7116";
"Vila Medeiros";"2007";"6883";
"Vila Medeiros";"2008";"6650";
"Vila Medeiros";"2009";"6424";
"Vila Medeiros";"2010";"6218";
"Vila Medeiros";"2011";"6416";
"Vila Medeiros";"2012";"6617";
"Vila Medeiros";"2013";"6820";
"Vila Medeiros";"2014";"7021";
"Vila Medeiros";"2015";"7225";
"Vila Medeiros";"2016";"7000";
"Vila Medeiros";"2017";"6775";
"Vila Medeiros";"2018";"6553";
"Vila Prudente";"1995";"6364";
"Vila Prudente";"1996";"6157";
"Vila Prudente";"1997";"5946";
"Vila Prudente";"1998";"5745";
"Vila Prudente";"1999";"5541";
"Vila Prudente";"2000";"5333";
"Vila Prudente";"2001";"5247";
"Vila Prudente";"2002";"5161";
"Vila Prudente";"2003";"5063";
"Vila Prudente";"2004";"4964";
"Vila Prudente";"2005";"4870";
"Vila Prudente";"2006";"4775";
"Vila Prudente";"2007";"4678";
"Vila Prudente";"2008";"4579";
"Vila Prudente";"2009";"4486";
"Vila Prudente";"2010";"4395";
"Vila Prudente";"2011";"4487";
"Vila Prudente";"2012";"4580";
"Vila Prudente";"2013";"4673";
"Vila Prudente";"2014";"4764";
"Vila Prudente";"2015";"4853";
"Vila Prudente";"2016";"4743";
"Vila Prudente";"2017";"4635";
"Vila Prudente";"2018";"4526";
"Vila Sônia";"1995";"5624";
"Vila Sônia";"1996";"5614";
"Vila Sônia";"1997";"5600";
"Vila Sônia";"1998";"5581";
"Vila Sônia";"1999";"5556";
"Vila Sônia";"2000";"5521";
"Vila Sônia";"2001";"5523";
"Vila Sônia";"2002";"5514";
"Vila Sônia";"2003";"5495";
"Vila Sônia";"2004";"5472";
"Vila Sônia";"2005";"5447";
"Vila Sônia";"2006";"5412";
"Vila Sônia";"2007";"5375";
"Vila Sônia";"2008";"5333";
"Vila Sônia";"2009";"5287";
"Vila Sônia";"2010";"5228";
"Vila Sônia";"2011";"5535";
"Vila Sônia";"2012";"5853";
"Vila Sônia";"2013";"6186";
"Vila Sônia";"2014";"6531";
"Vila Sônia";"2015";"6888";
"Vila Sônia";"2016";"6718";
"Vila Sônia";"2017";"6540";
"Vila Sônia";"2018";"6360";
